{"cameraMode":{"drawMode":0,"name":"Shaded","section":"Shading Mode"},"sceneLighting":false,"audioPlay":false,"sceneViewState":{"showFog":true,"showMaterialUpdate":false,"showSkybox":false,"showFlares":true,"showImageEffects":true,"showParticleSystems":true},"in2DMode":false,"pivot":{"x":-1.3341732025146485,"y":1.6152219772338868,"z":50.537498474121097},"rotation":{"x":-0.24233876168727876,"y":0.016590431332588197,"z":-0.004143827129155397,"w":-0.970041036605835},"size":184.5181427001953,"orthographic":false}