{"cameraMode":{"drawMode":0,"name":"Shaded","section":"Shading Mode"},"sceneLighting":false,"audioPlay":false,"sceneViewState":{"showFog":true,"showMaterialUpdate":false,"showSkybox":false,"showFlares":true,"showImageEffects":true,"showParticleSystems":true},"in2DMode":false,"pivot":{"x":0.26631098985671999,"y":0.5588968992233276,"z":-0.5126991271972656},"rotation":{"x":-0.24233876168727876,"y":0.016590431332588197,"z":-0.004143827129155397,"w":-0.970041036605835},"size":2.818610429763794,"orthographic":false}