{"cameraMode":{"drawMode":0,"name":"Shaded","section":"Shading Mode"},"sceneLighting":false,"audioPlay":false,"sceneViewState":{"showFog":true,"showMaterialUpdate":false,"showSkybox":false,"showFlares":true,"showImageEffects":true,"showParticleSystems":true},"in2DMode":false,"pivot":{"x":3.122056484222412,"y":1.0135002136230469,"z":42.74808883666992},"rotation":{"x":0.2467365562915802,"y":-0.006971548777073622,"z":0.001774110016413033,"w":0.9690559506416321},"size":26.538604736328126,"orthographic":false}